FILENAME,IDENTITY
SLIKA_01.jpg,GRASSAUD
SLIKA_02.jpg,CAZAUX
SLIKA_03.jpg,KERAS
SLIKA_04.jpg,MADELON
SLIKA_05.jpg,SOARES PINTO
SLIKA_06.jpg,CHLOE
SLIKA_07.jpg,ERWAN
SLIKA_08.jpg,INES
SLIKA_09.jpg,JACQUES
SLIKA_10.jpg,CHARLES
SLIKA_11.jpg,DA CRUZ
SLIKA_12.jpg,TOCHON-DANGUY
SLIKA_13.jpg,TESSON
SLIKA_14.jpg,GAUD
SLIKA_15.jpg,TOM
SLIKA_16.jpg,TROUVE
SLIKA_17.jpg,MUNOZ
SLIKA_18.jpg,SIDIBE
SLIKA_19.jpg,LOUIS
SLIKA_20.jpg,EILEEN
SLIKA_21.jpg,MPVI-PROJEKAT
SLIKA_22.jpg,SAIMA SOFIA ROSYDA
SLIKA_23.jpg,PERFETTO
SLIKA_24.jpg,DERUAUX
SLIKA_25.jpg,MAIN
SLIKA_26.jpg,TISSOT
SLIKA_27.jpg,MICHEL
SLIKA_28.jpg,REMI
SLIKA_29.jpg,ZOE
SLIKA_30.jpg,ROYER
SLIKA_31.jpg,DUFLOS
SLIKA_32.jpg,MATHIS
SLIKA_33.jpg,CLOE
SLIKA_34.jpg,SELEN
SLIKA_35.jpg,INES
SLIKA_36.jpg,KYLIAN
SLIKA_37.jpg,ALEXIA
SLIKA_38.jpg,ANTONIN
SLIKA_39.jpg,GUEZET
SLIKA_40.jpg,VALENTIN
SLIKA_41.jpg,DORCHIES
SLIKA_42.jpg,LHOMME
SLIKA_43.jpg,AUGUSTIN
SLIKA_44.jpg,ROMANE
SLIKA_45.jpg,PAULINE
SLIKA_46.jpg,FLEURET
SLIKA_47.jpg,LORCA
SLIKA_48.jpg,OCEANE
SLIKA_49.jpg,PAULINE
SLIKA_50.jpg,CLARAC
